{"cameraMode":{"drawMode":0,"name":"Shaded","section":"Shading Mode"},"sceneLighting":true,"audioPlay":false,"sceneViewState":{"showFog":true,"showMaterialUpdate":false,"showSkybox":true,"showFlares":true,"showImageEffects":true,"showParticleSystems":true},"in2DMode":false,"pivot":{"x":121.91564178466797,"y":104.54383850097656,"z":345.9817810058594},"rotation":{"x":-0.017057130113244058,"y":0.6923729181289673,"z":0.01637343131005764,"w":0.7211524248123169},"size":14.84228515625,"orthographic":false}