{"cameraMode":{"drawMode":0,"name":"Shaded","section":"Shading Mode"},"sceneLighting":true,"audioPlay":false,"sceneViewState":{"showFog":true,"showMaterialUpdate":false,"showSkybox":true,"showFlares":true,"showImageEffects":true,"showParticleSystems":true},"in2DMode":false,"pivot":{"x":150.22891235351563,"y":103.0105209350586,"z":336.97747802734377},"rotation":{"x":-0.09078188240528107,"y":-0.9028304815292358,"z":0.23536702990531922,"w":-0.34822148084640505},"size":39.251861572265628,"orthographic":false}