{"cameraMode":{"drawMode":0,"name":"Shaded","section":"Shading Mode"},"sceneLighting":true,"audioPlay":false,"sceneViewState":{"showFog":true,"showMaterialUpdate":false,"showSkybox":true,"showFlares":true,"showImageEffects":true,"showParticleSystems":true},"in2DMode":false,"pivot":{"x":118.27603149414063,"y":102.39395141601563,"z":317.6410217285156},"rotation":{"x":0.24066877365112306,"y":0.09300362318754196,"z":-0.023174239322543145,"w":0.9658632874488831},"size":2.4273695945739748,"orthographic":false}