{"cameraMode":{"drawMode":0,"name":"Shaded","section":"Shading Mode"},"sceneLighting":true,"audioPlay":false,"sceneViewState":{"showFog":true,"showMaterialUpdate":false,"showSkybox":true,"showFlares":true,"showImageEffects":true,"showParticleSystems":true},"in2DMode":false,"pivot":{"x":146.4485626220703,"y":117.3861312866211,"z":370.9322509765625},"rotation":{"x":0.20280802249908448,"y":-0.09730920940637589,"z":0.02025643363595009,"w":0.9741609692573547},"size":4.041658401489258,"orthographic":false}